<?xml version="1.0" encoding="UTF-8"?>
<!DOCTYPE properties SYSTEM "http://java.sun.com/dtd/properties.dtd">
<properties>
<entry key="selectNoticeList">
 	SELECT 
      NOTICE_NO
    , NOTICE_TITLE
    , USER_ID
    , COUNT
    , CREATE_DATE
    FROM NOTICE N
    JOIN MEMBER ON (NOTICE_WRITER = USER_NO)
    WHERE N.STATUS ='Y'
    ORDER
        BY NOTICE_NO DESC
</entry>

<entry key ="insertNotice">
	INSERT
      INTO NOTICE
      (
       NOTICE_NO
       ,NOTICE_TITLE
       ,NOTICE_CONTENT
       ,NOTICE_WRITER
       )
       VALUES
       (
        SEQ_NNO.NEXTVAL
        , ?
        , ?
        , ?
       )
</entry>

<entry key="increaseCount">
 	UPDATE NOTICE
        SET COUNT = COUNT + 1
    	WHERE NOTICE_NO = ?
    	AND STATUS = 'Y'
</entry>

<entry key="selectNotice">
	SELECT 
	      NOTICE_NO
	    , NOTICE_TITLE
	    , NOTICE_CONTENT
	    , USER_ID
	    , CREATE_DATE
	    FROM NOTICE N
	    JOIN MEMBER ON (NOTICE_WRITER = USER_NO)
	    WHERE NOTICE_NO = ?

</entry>

<entry key="updateNotice">
	UPDATE NOTICE
          SET NOTICE_TITLE = ?
            , NOTICE_CONTENT = ?
        WHERE NOTICE_NO = ?

</entry>


</properties>